 Please evaluate and grade it., Lütfen değerlendirin ve not verin.,
% completed,% tamamlandı,
About,Hakkında,
Acceptance for Terms and/or Policies,Şartlar ve/veya Politikaların Kabulü,
Accepted,Kabul Edildi,
Account ID,Hesap Kimliği,
Achievements,Başarılar,
Active,Aktif,
Add,Ekle,
Add Chapter,Bölüm Ekle,
Add Lesson,Ders Ekle,
Add Slot,Yuva Ekle,
Add a Chapter,Bölüm Ekle,
Add a Lesson,Ders Ekle,
Add a Student,Öğrenci Ekle,
Add a course,Kurs Ekle,
Add a lesson,Bir ders ekle,
Add a new question,Yeni Soru Ekle,
Add a quiz to your lesson,Dersinize bir sınav ekleyin,
Add an assessment,Bir değerlendirme ekleyin,
Add an existing question,Mevcut bir soruyu ekle,
Add at least one possible answer for this question: {0},Bu soru için en azından bir olası cevap ekleyin: {0},
Add web page to sidebar,Web sayfasını kenar çubuğuna ekle,
Add your assignment as {0},Ödevinizi {0} olarak ekleyin,
Address,Adres,
Address Line 1,Adres Satırı 1,
Address Line 2,Adres Satırı 2,
Admin,Yönetici,
All,Tümü,
All Courses,Tüm Kurslar,
All Feedback,Tüm Geri Bildirimler,
All Submissions,Tüm Gönderiler,
All questions should have the same marks if the limit is set.,Eğer bir sınır konulmuşsa tüm soruların puanları aynı olmalıdır.,
Allow Job Posting From Website,Web Sitesinden İş İlanı Verilmesine İzin Verin,
Allow Self Enrollment,Kendi Kendine Kayıt Olmaya İzin Ver,
Allow accessing future dates,Gelecekteki tarihlere erişime izin ver,
Allow self enrollment,Kendi Kendine Kayıt Olmaya İzin Ver,
Already Registered,Zaten kayıltı,
Amount,Tutar,
Amount (USD),Tutar (USD),
Amount and currency are required for paid batches.,Ödenen partiler için tutar ve para birimi gereklidir.,
Amount and currency are required for paid courses.,Ücretli kurslar için miktar ve para birimi gereklidir.,
Amount with GST,GST ile Tutar,
Announcement,Duyuru,
Answer,Cevap,
Appears when the batch URL is shared on any online platform,Parti URL’si herhangi bir çevrimiçi platformda paylaşıldığında görünür.,
Applications Received,Alınan Başvurular,
Apply,Uygula,
Apply GST for India,Hindistan için GST uygula,
Apply Rounding on Equivalent,Eşdeğer Üzerinde Yuvarlama Uygula,
Apply for this job,Bu işe başvur,
Approved,Onaylandı,
Apps,Uygulamalar,
Archived,Arşivlendi,
Assessment,Değerlendirme,
Assessment Name,Değerlendirme Adı,
Assessment Type,Değerlendirme Türü,
Assessment {0} has already been added to this batch.,Değerlendirme {0} bu gruba zaten eklendi.,
Assessments,Değerlendirmeler,
Assign,Ata,
Assignment,Atama,
Assignment Attachment,Ödev Eki,
Assignment Title,Ödev Başlığı,
Assignment for Lesson {0} by {1} already exists.,{1} tarafından verilen {0} Dersi için ödev zaten mevcut.,
Assignment will appear at the bottom of the lesson.,Ödev dersin alt kısmında görünecektir.,
Assignments,Atamalar,
At least one option must be correct for this question.,Bu soruda en az bir seçeneğin doğru olması gerekmektedir.,
Attire Preference,Giyim Tercihi,
Authorize Google Calendar Access,Google Takvim Erişimini Yetkilendirin,
Auto Assign,Otomatik Atama,
Auto Recording,Otomatik Kayıt,
Average Rating,Ortalama Puan,
Back to Course,Kursa geri dön,
Badge,Rozet,
Badge Description,Rozet Açıklaması,
Badge Image,Rozet Resmi,
Batch,Parti,
Batch Confirmation Template,Toplu Onay Şablonu,
Batch Course,Toplu Kurs,
Batch Created,Toplu İş Oluşturuldu,
Batch Description,Parti Açıklaması,
Batch Details,Parti Detayları,
Batch:,Parti:,
Batches,Sınıflar,
Begin Date,Başlangıç Tarihi,
Billing Details,Fatura Detayları,
Billing Name,Fatura İsmi,
Bio,Hakkında,
Body,Vücut,
Branch,Görev Bölümü,
Business Owner,İşletme Sahibi,
Buy this course,Bu kursu satın al,
CGPA/4,CGPA/4,
Cancel,İptal,
Cancelled,İptal edildi,
Career Preference Details,Kariyer Tercihleri,
Category,Kategori,
Category Name,Kategori Adı,
Certificate,Sertifika,
Certificate Email Template,Sertifika E-posta Şablonu,
Certificate Link,Sertifika Bağlantısı,
Certificates,Sertifikalar,
Certification,Sertifikasyon,
Certification Details,Sertifikalar,
Certification Name,Sertifika Adı,
Certified Participants,Sertifikalı Katılımcılar,
Change,Değiştir,
Changes saved successfully,Değişiklikler başarıyla kaydedildi,
Chapter,Bölüm,
Chapter Reference,Bölüm Referansı,
Chapter added successfully,Bölüm başarıyla eklendi,
Chapter updated successfully,Bölüm başarıyla güncellendi,
Chapters,Bölümler,
Check,Kontrol et,
Check Discussion,Tartışmayı Kontrol Edin,
Check out the {0} to know more about certification.,Sertifikasyon hakkında daha fazla bilgi edinmek için {0} adresine göz atın.,
Checkout Courses,Kursları Kontrol Et,
Choices,Seçimler,
Choose all answers that apply,Uygulanabilir tüm cevapları seçin,
Choose an icon,Bir simge seçimi,
Choose one answer,Bir cevap seçin,
City,Şehir,
Clear,Açık,
Clear Cache and Reload,Önbelleği Temizle ve Yeniden Yükle,
Client ID,Client ID,
Client Secret,Client Secret,
Closed,Kapandı,
Cloud,Bulut,
Code,Kod,
Collapse,Daralt,
Color,Renk,
Comments,Yorumlar,
Company,Şirket,
Company Details,Şirket Detayları,
Company Email Address,Şirket E-posta Adresi,
Company Logo,Şirket Logosu,
Company Name,Şirket Adı,
Company Type,Şirket Türü,
Company Website,Şirket Web Sitesi,
Complete,Tamamla,
Complete Sign Up,Kayıt İşlemini Tamamlayın,
Completed,Tamamlandı,
Completions,Tamamlama,
Condition,Koşul,
Confirm,Onayla,
Confirmation Email Sent,Onay E-postası Gönderildi,
Confirmation Email Template,Onay E-postası Şablonu,
Congratulations on getting certified!,Sertifikanızı aldığınız için tebrikler!,
Contact the Administrator to enroll for this course.,Bu kursa kayıt olmak için Yönetici ile iletişime geçin.,
Content,İçerik,
Continue Learning,Öğrenmeye Devam Et,
Contract,Sözleşme,
Cookie Policy,Çerez Politikası,
Correct,Doğru,
Correct Answer,Doğru Cevap,
Country,Ülke,
Course,Kurs,
Course Chapter,Kurs Bölümü,
Course Description,Kurs Açıklaması,
Course Image,Kurs Resmi,
Course Instructor,Kurs Eğitmeni,
Course Lesson,Kurs Dersi,
Course List,Kurs Listesi,
Course Name,Kurs Adı,
Course Progress Summary,Kurs İlerleme Özeti,
Course Settings,Kurs Ayarları,
Course Title,Kurs Başlığı,
Course already added to the batch.,Kurs zaten gruba eklendi.,
Course deleted successfully,Kurs başarıyla silindi,
Course moved successfully,Kurs başarıyla taşındı,
Course {0} has already been added to this batch.,Kurs {0} bu gruba zaten eklenmiştir.,
Courses,Kurs,
Courses Completed,Tamamlanan Kurslar,
Courses deleted successfully,Kurslar başarıyla silindi,
Cover Image,Kapak Resmi,
Create,Oluştur,
Create a Course,Kurs Oluştur,
Create a Live Class,Canlı Sınıf Oluştur,
Create a course,Bir Kurs Oluştur,
Create a new question,Yeni bir soru oluştur,
Created,Oluşturdu,
Currency,Para Birimi,
Current Lesson,Güncel Ders,
Custom HTML,Özel HTML,
Custom Script (JavaScript),Özel Komut Dosyası (JavaScript),
Custom Signup Content,Özel Kayıt İçeriği,
Customisations,Özelleştirmeler,
DLS,ÖYS,
DLS Assessment,ÖYS Değerlendirmesi,
DLS Assignment,ÖYS Ödevi,
DLS Assignment Submission,ÖYS Ödev Gönderimi,
DLS Badge,ÖYS Rozeti,
DLS Badge Assignment,ÖYS Rozet Ataması,
DLS Category,ÖYS Kategorisi,
DLS Certificate,ÖYS Sertifikası,
DLS Certificate Evaluation,ÖYS Sertifika Değerlendirmesi,
DLS Certificate Request,ÖYS Sertifika Talebi,
DLS Course,Kurs,
DLS Course Interest,ÖYS Ders İlgi Alanı,
DLS Course Mentor Mapping,ÖYS Kurs Mentor Eşlemesi,
DLS Course Progress,ÖYS Kurs İlerlemesi,
DLS Course Review,ÖYS Kurs İncelemesi,
DLS Enrollment,ÖYS Kaydı,
DLS Live Class,ÖYS Canlı Sınıf,
DLS Mentor Request,ÖYS Mentor Talebi,
DLS Option,ÖYS Seçeneği,
DLS Payment,ÖYS Ödeme,
DLS Settings,ÖYS Ayarları,
DLS Sidebar Item,ÖYS Kenar Çubuğu Öğesi,
DLS Source,ÖYS Kaynağı,
DLS Student,ÖYS Öğrenci,
Dashboard,Gösterge Paneli,
Date,Tarih,
Date and Time,Tarih ve Saat,
Date:,Tarih:,
Day,Gün,
Dear,Sevgili,
Dear ,Sevgili ,
Default Currency,Varsayılan Para Birimi,
Degree Type,Derece Türü,
Delete,Sil,
Delete Chapter,Bölümü Sil,
Delete Course,Kursu Sil,
Delete this chapter?,Bu bölümü silmek istiyor musunuz?,
Delete this lesson?,Bu dersi silmek istiyor musunuz?,
Deleting the course will also delete all its chapters and lessons. Are you sure you want to delete this course?,"Kursu silmek, tüm bölümlerini ve derslerini de silecektir. Bu kursu silmek istediğinizden emin misiniz?",
Deleting this chapter will also delete all its lessons and permanently remove it from the course. This action cannot be undone. Are you sure you want to continue?,"Bu bölümü silmek, tüm derslerini de silecek ve onu kurstan kalıcı olarak kaldıracaktır. Bu eylem geri alınamaz. Devam etmek istediğinizden emin misiniz?",
Deleting this lesson will permanently remove it from the course. This action cannot be undone. Are you sure you want to continue?,Bu dersi silmek onu kurstan kalıcı olarak kaldıracaktır. Bu eylem geri alınamaz. Devam etmek istediğinizden emin misiniz?,
Description,Açıklama,
Desk,Masa,
Details,Ayrıntılar,
Disable Self Enrollment,Kendi Kendine Kayıt Olmayı Devre Dışı Bırak,
Disable Self Learning,Kendi kendine öğrenmeyi devre dışı bırak,
Disabled,Kapalı,
Discard,Vazgeç,
Discussions,Tartışma,
Document,Belge,
Dream Companies,Rüya Şirketler,
Duplicate options found for this question.,Bu soru için yinelenen seçenekler bulundu.,
Duration,Süre,
Duration (in minutes),Süre (dk),
Duration of the live class in minutes,Canlı dersin dakika cinsinden süresi,
E-Mail,E-posta,
E-mail,E-Posta,
Edit,Düzenle,
Edit Chapter,Bölümü Düzenle,
Edit Profile,Profili Düzenle,
Edit the question,Soruyu düzenle,
Education,Eğitim,
Education Detail,Eğitim Detayı,
Education Details,Eğitim Geçmişi,
Email,E-posta,
Email ID,E-Posta ID,
Email Sent,E-posta Gönderildi,
Email Template,E-Posta Şablonu,
Email Templates,E-Posta Şablonları,
Emails,E-postalar,
Employee,Personel,
Enable,Etkinleştir,
Enable Google API in Google Settings to send calendar invites for evaluations.,Değerlendirmeler için takvim davetleri göndermek üzere Google Ayarları'nda Google API'yi etkinleştirin.,
Enable Learning Paths,Öğrenme Yollarını Etkinleştir,
Enable this only if you want to upload a SCORM package as a chapter.,Bunu yalnızca bir SCORM paketini bölüm olarak yüklemek istiyorsanız etkinleştirin.,
Enabled,Etkin,
Enabling this will publish the certificate on the certified participants page.,"Bunu etkinleştirmek, sertifikanın sertifikalı katılımcılar sayfasında yayınlanmasını sağlayacaktır.",
End Date,Bitiş Tarihi,
End Date (or expected),Bitiş Tarihi (veya beklenen),
End Time,Bitiş Zamanı,
Enroll Now,Hemen Kaydol,
Enrolled,Kayıtlı,
Enrolled Students,Kayıtlı Öğrenci,
Enrolled successfully,Başarıyla kaydoldu,
Enrollment Count,Kayıt Sayısı,
Enrollment Failed,Kayıt Başarısız,
Enrollments,Kayıtlar,
Enter Client Id and Client Secret in Google Settings to send calendar invites for evaluations.,Değerlendirmeler için takvim davetleri göndermek üzere Google Ayarları'na İstemci Kimliği ve İstemci Gizli Anahtarını girin.,
Enter a URL,Bir URL girin,
Enter the correct answer,Doğru cevabı girin,
Error,Hata,
Evaluation,Değerlendirme,
Evaluation Details,Değerlendirme Detayları,
Evaluation End Date,Değerlendirme Bitiş Tarihi,
Evaluator,Değerlendirici,
Evaluator Schedule,Değerlendirici Programı,
Event,Etkinlik,
Exercise,Alıştırma,
Exercise Title,Alıştırma Başlığı,
Expand,Genişlet,
Expiration Date,Bitiş Tarihi,
Expiry Date,Son Kullanım Tarihi,
Explanation,Açıklamalar,
Explanation ,Açıklama,
Explore More,Daha Fazlasını Keşfedin,
Fail,Başarısız,
Featured,Öne Çıkan,
Feedback,Geri Bildirim,
Feel free to make edits to your submission if needed.,Gerektiğinde gönderinizde düzenlemeler yapmaktan çekinmeyin.,
Field To Check,Kontrol Edilecek Alan,
File Type,Dosya Türü,
First Name,Adı,
Frappe Support,Frappe Desteği,
Free,Serbest,
Freelance,Serbest çalışan,
Freelancer/Just looking,Serbest çalışan/Dolaşan,
French (e.g. Distinction),Fransızca (örn. Üstünlük),
Friday,Cuma,
From,Gönderen,
From Date,Başlangıç Tarihi,
Full Name,Tam Adı,
Full Time,Tam Zamanlı,
Function,Fonksiyon,
General,Genel,
Get Certificate,Sertifika Al,
Get Started,Başlarken,
Github ID,Github Kimliği,
Global Shortcuts,Genel Kısayollar,
Google Meet Link,Google Meet Bağlantısı,
Grade,Ünvan,
Grant only once,Sadece bir kez ver,
Grid Shortcuts,Izgara Kısayolları,
Have an account? Login,Hesabınız Varsa Giriş Yapın,
Headline,Başlık,
Hello,Merhaba,
Help,Yardım,
Help others learn something new by creating a course.,Bir kurs oluşturarak başkalarının yeni bir şeyler öğrenmesine yardımcı olun.,
Help us improve our course material.,Ders materyalimizi geliştirmemize yardımcı olun.,
Hey {0},Merhaba {0},
"Hey,","Merhaba,",
Hi,Merhaba,
"Hi {0},","Merhaba {0},",
"Hi,","Merhaba,",
Hide my Private Information from others,Özel Bilgilerimi başkalarından gizle,
Hints,İpuçları,
How to add a Quiz?,Sınav nasıl eklenir?,
I am currently working here,Şu anda burada çalışıyorum,
I am delighted to inform you that you have successfully earned your certification for the {0} course. Congratulations!,{0} kursu için sertifikanızı başarıyla kazandığınızı size duyurmaktan mutluluk duyuyorum. Tebrikler!,
I am looking for a job,Bir iş arıyorum,
I am unavailable,Müsait değilim,
ID,ID,
Icon,Simge,
If you are not any more interested to mentor the course,Kursa rehberlik etmekle artık ilgilenmiyorsanız,
"If you have any questions or require assistance, feel free to contact us.",Herhangi bir sorunuz veya yardıma ihtiyacınız varsa bizimle iletişime geçmekten çekinmeyin.,
"If you set an amount here, then the USD equivalent setting will not get applied.","Burada bir tutar belirlerseniz, USD karşılığı uygulanmayacaktır.",
Image,Resim,
Image: Corrupted Data Stream,Resim: Bozuk Veri Akışı,
In Progress,İşlemde,
Inactive,Pasif,
Include In Preview,Önizlemeye Dahil Et,
Incomplete,Tamamlanmadı,
Incorrect,Yanlış,
Index,Dizin,
Index Label,Dizin Etiketi,
Industry,Endüstri,
Institution Name,Kurum Adı,
Instructor,Eğitmen,
Instructor Content,Eğitmen İçeriği,
Instructor Notes,Eğitmen Notları,
Instructors,Eğitmenler,
Instructors Comments,Eğitmen Yorumları,
Introduction,Tanıtım/Giriş,
Invalid Invite Code.,Geçersiz Davetiye Kodu.,
Invalid Quiz ID,Geçersiz Sınav Kimliği,
Invite Code,Davet Kodu,
Invite Email,Davet E-postası,
Invite Only,Sadece Davetliler,
Invite Request,Davetiye Talebi,
Is Correct,Doğru,
Issue Date,Veriliş tarihi,
Issued On,Yayınlanma Tarihi,
Issued on,Yayınlanma Tarihi,
Items in Sidebar,Kenar Çubuğundaki Öğeler,
Jane Doe,İsim Soyisim,
Job,İş,
Job Board Subtitle,İş İlanları Alt Başlığı,
Job Board Title,İş İlanı Başlığı,
Job Details,İş Detayları,
Job Openings,İş Alımları,
Job Opportunity,İş Fırsatı,
Job Settings,İş Ayarları,
Job Title,İş İlanı Başlığı,
Jobs,İşler,
Join,Katıl,
Join Meeting,Görüşmeye Katıl,
Join URL,Katılma Bağlantısı,
Keyboard Shortcuts,Klavye Kısayolları,
Label,Etiket,
Last Name,Soyadı,
Length of passed data array is greater than value of maximum allowed label points!,"Geçirilen veri dizisinin uzunluğu, izin verilen maksimum etiket noktalarının değerinden büyüktür!",
Lesson,Ders,
Lesson Reference,Ders Referansı,
Lesson Title,Ders Başlığı,
Lessons,Ders,
Lessons Completed,Ders Tamamlandı,
Lets start setting up your content on the DLS so that you can reclaim time and focus on growth.,Zamandan tasarruf edip büyümeye odaklanabilmeniz için ÖYS'deki içeriğinizi kurmaya başlayalım.,
LinkedIn,LinkedIn,
LinkedIn ID,LinkedIn,
Live,Canlı,
Live Class,Canlı Sınıf,
Load More,Daha Fazla Yükle,
Local,Yerel,
Location,Konum,
Location Preference,Konum Tercihi,
Log out,Çıkış,
Login,Giriş,
Login to Frappe Cloud?,Frappe Cloud'a Giriş Yapın?,
Login to apply,Başvurmak için giriş yapın,
Make DLS the default home,ÖYS'yi varsayılan ana sayfa yapın,
Make an Announcement,Bir Duyuru Yapın,
Manager,Müdür,
Manager (Sales/Marketing/Customer),Yönetici (Satış/Pazarlama/Müşteri),
Mark,İşaretle,
Mark all as read,Hepsini Okundu İşaretle,
Mark as read,Okundu olarak İşaretle,
Max Attempts,Maksimum Deneme,
Medium,Orta,
Medium ID,Medium,
Medium:,Orta:,
Member,Üyeler,
Member Email,Üye E-postası,
Member Name,Üye Adı,
Member Subgroup,Üye Alt Grubu,
Member Type,Üye Türü,
Membership,Üyelik,
Memeber Username,Üye Kullanıcı Adı,
Mentor,Mentor,
Mentor Name,Mentor Adı,
Mentor Request,Mentor Talebi,
Mentor Request Creation Template,Mentor Talebi Oluşturma Şablonu,
Mentor Request Status Update Template,Mentor Talebi Durum Güncelleme Şablonu,
Meta Description,Meta Açıklaması,
Milestone,Kilometre Taşı,
Milestones,Kilometre Taşı,
Moderator,Moderatör,
Modified By,Değiştiren,
Module Name is incorrect or does not exist.,Modül Adı yanlış veya mevcut değil.,
Module is incorrect.,Modül hatalı.,
Monday,Pazartesi,
More,Daha fazla,
Multiple Correct Answers,Birden Fazla Doğru Cevap,
My availability,Müsaitliğim,
My calendar,Takvimim,
New,Yeni,
New Batch,Yeni Parti,
New Course,Yeni Kurs,
New Job,Yeni İş,
New Job Applicant,Yeni İş Başvurusu,
New Question,Yeni Soru,
New Quiz,Yeni Test,
New Sign Up,Yeni Kayıt,
New comment in batch {0},Toplu işlerde yeni yorum {0},
New reply on the topic {0} in course {1},{1} dersinde {0} konusuna yeni yanıt,
New {0},Yeni {0},
Next,Sonraki,
Next Question,Sonraki Soru,
No Assessments,Değerlendirme Yok,
No Notifications,Bildirim Yok,
No Recording,Kayıt Yok,
No Upcoming Evaluations,Yaklaşan Değerlendirme Yok,
No announcements,Hiçbir duyuru yok,
No batches found,Toplu kurs bulunamadı,
No certificates,Sertifika yok,
No courses created,Hiçbir kurs oluşturulmadı,
No courses found,Hiçbir kurs bulunamadı,
No courses under review,İncelenmekte olan kurs yok,
No introduction,Tanıtım yok,
No live classes scheduled,Planlanmış canlı ders yok,
No programs found,Hiçbir program bulunamadı,
No quizzes found,Hiçbir sınav bulunamadı,
No slots available for this date.,Bu tarih için boş yer bulunmamaktadır.,
No submissions,Başvuru yok,
No {0},{0} Yok,
No.,Sıra,
Not Allowed,İzin Verilmiyor,
Not Applicable,Kabul Edilmedi,
Not Attempted,Katılmadı,
Not Available for Preview,Önizleme için uygun değil,
Not Graded,Not Verilmedi,
Not Permitted,İzin Verilmedi,
Not Saved,Kaydedilmedi,
Nothing to see here.,Burada gösterilecek bir şey yok.,
Notifications,Bildirimler,
Notify me when available,Kullanılabilir olduğundan bana bildir,
OAuth Client ID,OAuth İstemci Kimliği,
Offline,Çevrimdışı,
"Once again, congratulations on this significant accomplishment.",Bu önemli başarı için bir kez daha tebrikler.,
"Once the moderator grades your submission, you'll find the details here.","Moderatör başvurunuzu değerlendirdiğinde, ayrıntıları burada bulabilirsiniz.",
Online,Çevrimiçi,
Only files of type {0} will be accepted.,Sadece {0} türündeki dosyalar kabul edilecektir.,
Only image file is allowed.,Sadece resim dosyasına izin verilir.,
Open,Açık,
Open Awesomebar,Arama Çubuğu,
Open Course,Açık Kurs,
Open Help,Yardımı Aç,
Open Settings,Ayarları Aç,
Option,Seçenek,
Option 1,Seçenek 1,
Option 2,Seçenek 2,
Option 3,Seçenek 3,
Option 4,Seçenek 4,
Order ID,Sipariş No,
Organization,Organizasyon,
Others,Diğer,
Owner,Sahibi,
PDF,PDF,
Page Shortcuts,Sayfa Kısayolları,
Pages,Sayfalar,
Paid Course,Ücretli Kurs,
Part Time,Yarı Zamanlı,
Partially Complete,Kısmen Tamamlandı,
Pass,Başarılı,
Passing Percentage,Başarı Yüzdesi,
Password,Şifre,
Payment,Ödeme,
Payment Country,Ödeme Ülkesi,
Payment Details,Ödeme Detayları,
Payment Gateway,Ödeme Gateway,
Payment ID,Ödeme Kimliği,
Payment Received,Ödeme Alındı,
Payment Settings,Ödeme Ayarları,
Payment for Document,Belge Ödemesi,
Payments app is not installed,Ödeme uygulaması yüklü değil,
Pending,Bekliyor,
Percentage,Yüzde,
Percentage (e.g. 70%),Yüzde (örn. %70),
Phone Number,Telefon Numarası,
Please Login,Lütfen Giriş Yapın,
Please ask your administrator to verify your sign-up,Lütfen yöneticinizden kayıt işleminizin doğrulamasını isteyin,
Please check your email for verification,Doğrulama için lütfen e-postanızı kontrol edin,
Please click on the following button to set your new password,Yeni şifrenizi belirlemek için lütfen aşağıdaki linke tıklayınız,
Please enable Zoom Settings to use this feature.,Bu özelliği kullanmak için lütfen Zoom Ayarlarını etkinleştirin.,
Please ensure that you complete all the questions in {0} minutes.,Lütfen tüm soruları {0} dakika içinde yanıtladığınızdan emin olun.,
Please enter a valid URL.,Lütfen geçerli bir URL girin.,
Please enter the URL for assignment submission.,Lütfen ödev gönderimi için URL'yi girin.,
Please enter your answer,Lütfen cevabınızı girin,
Please let us know where you heard about us from.,Lütfen bizi nereden duyduğunuzu belirtin.,
Please login to access the quiz.,Teste erişmek için lütfen giriş yapın.,
Please login to access this page.,Bu sayfaya erişebilmek için lütfen giriş yapın.,
Please login to continue with payment.,Ödeme işlemine devam etmek için lütfen giriş yapın.,
Please prepare well and be on time for the evaluations.,Lütfen iyi hazırlanın ve değerlendirmelere zamanında katılın.,
Please select a date.,Lütfen bir tarih seçin.,
Please upload the assignment file.,Lütfen ödev dosyasını yükleyin.,
Possibility,Olasılık,
Possible Answer 1,Olası Cevap 1,
Possible Answer 2,Olası Cevap 2,
Possible Answer 3,Olası Cevap 3,
Possible Answer 4,Olası Cevap 4,
Post,Gönder,
Postal Code,Posta Kodu,
Posted on,Yayınlama Tarihi,
Preferred Function,Tercih Edilen Fonksiyon,
Preferred Industry,Tercih Edilen Sektör,
Press Alt Key to trigger additional shortcuts in Menu and Sidebar,Menü ve Kenar Çubuğunda ek kısayolları tetiklemek için Alt Tuşuna basın,
Preview Image,Resim Önizleme,
Preview Video,Video Önzileme,
Previous,Önceki,
Pricing,Fiyatlandırma,
Primary Subgroup,Birincil Alt Grup,
Private,Özel,
Private Information includes your Grade and Work Environment Preferences,"Özel Bilgiler, Eğitim ve Çalışma Ortamı Tercihlerinizi içerir",
Profession,Meslek,
Profile Image,Profil Resmi,
Progress,İlerleme,
Progress (%),İlerleme (%),
Public,Herkese Açık,
Publish on Participant Page,Katılımcı Sayfasında Yayınla,
Published,Yayınlandı,
Published Courses,Yayınlamış Kurslar,
Published On,Yayınlanma Zamanı,
Question,Soru,
Question ,Soru ,
Question Detail,Soru Detayı,
Question Name,Soru Adı,
Question added successfully,Soru başarıyla eklendi,
Question updated successfully,Soru başarıyla güncellendi,
Question {0},Soru {0},
Question {0} of {1},Soru {0} / {1},
Questions,Sorular,
Questions deleted successfully,Sorular başarıyla silindi,
Quiz,Test,
Quiz ID,Sınav Kimliği,
Quiz Submission,Sınav Gönderimi,
Quiz Summary,Sınav Özeti,
Quiz updated successfully,Sınav başarıyla güncellendi,
Quizzes,Sınavlar,
Rating,Değerlendirme,
Rating cannot be 0,Değerlendirme 0 olamaz,
Ready,Hazır,
Reference DocName,Referans DocName,
Reference DocType,Referans DocType,
Reference Document Type,Referans Belge Türü,
Regards,Saygılarımla,
Register Now,Şimdi Kaydol,
Registered,Kayıtlı,
Registered but disabled,Kayıtlı ancak devre dışı,
Rejected,Reddedildi,
Related Courses,İlgili Kurslar,
Reload,Yeniden Yükle,
Remove,Kaldır,
Reply To,Yanıtla,
Request Invite,Davet İsteği,
Request for Mentorship,Mentorluk Talebi,
Required Role,Gerekli Rol,
Restricted,Kısıtlı,
Result,Sonuç,
Resume,Özgeçmiş,
Review,Gözden geçir,
Reviews,Yorumlar,
Role,Rol,
Role Preference,Rol Tercihi,
Roles,Roller,
Route,Rota,
Rows {0} have the duplicate questions.,{0} satırlarında yinelenen sorular var.,
Run,Çalıştır,
Saturday,Cumartesi,
Save,Kaydet,
Schedule,Planla,
Scope,Kapsam,
Score,Puan,
Search,Arama,
Search by Name,İsme Göre Ara,
Search by Title,Başlığa Göre Ara,
Search by title,Başlığa göre ara,
Search for an icon,Bir simge arayın,
Seat Count,Koltuk Sayısı,
Seat Left,Kalan Koltuk,
Seats Left,Kalan Koltuk Sayısı,
Select a question,Bir soru seçin,
Session Defaults,Oturum Varsayılanları,
Set your Password,Şifrenizi Ayarlayın,
Settings,Ayarlar,
Share on,Paylaş,
Short Introduction,Kısa Tanıtım,
Show Answer,Cevabı Göster,
Show Answers,Cevapları Göster,
Show Keyboard Shortcuts,Klavye Kısayollarını Göster,
Show Submission History,Gönderim Geçmişini Göster,
Show Tab in Batch,Sekmeyi Toplu Olarak Göster,
Show USD Equivalent,USD Karşılığını Göster,
Show day view in timetable,Zaman çizelgesinde gün görünümünü göster,
Show live class,Canlı dersi göster,
Shuffle Questions,Soruları Karıştır,
Sidebar,Kenar Çubuğu,
Sidebar Items,Kenar Çubuğu Öğeleri,
Sign Up is disabled,Kaydolma devre dışı bırakıldı,
Sign up,Yeni Kayıt,
Signup Email,Kayıt E-postası,
Signup Settings,Kayıt Ayarları,
Signups,Kayıtlar,
Skill,Beceri,
Skill Details,Beceriler,
Skill Name,Yetkinlik İsmi,
Skills,Yetkinlikler,
Skip,Geç,
Slug,Kısaltma,
Sold Out,Tükendi,
Solution,Çözüm,
Source,Kaynak,
Staff,Ekip,
Stage,Aşama,
Start,Başlangıç,
Start Date,Başlangıç Tarihi,
Start Date:,Başlangıç Tarihi:,
Start Learning,Öğrenmeye Başlayın,
Start Time,Başlangıç Zamanı,
Start Time cannot be greater than End Time,Başlangıç Saati Bitiş Saatinden büyük olamaz,
Start URL,Başlangıç URL'si,
State,Durum,
Statistics,İstatistik,
Status,Durum,
Status/Score,Durum/Puan,
Student,Öğrenci,
Student Reviews,Öğrenci İncelemeleri,
Students,Öğrenciler,
Students deleted successfully,Öğrenciler başarıyla silindi,
Students will be enrolled in a paid batch once they complete the payment,Öğrenciler ödemeyi tamamladıktan sonra ücretli bir topluluğa kaydedilecekler,
Subgroup,Alt Grup,
Subject,Konu,
Submit,Gönder,
Submitted {0},Kaydedildi {0},
Success,Başarılı,
Summary,Özet,
Sunday,Pazar,
System Health,Sistem Sağlığı,
System Manager,Sistem Yöneticisi,
Tags,Etiketler,
Template,Şablon,
Temporarily Disabled,Geçici Olarak Devre Dışı,
Terms of Use,Kullanım Koşulları,
Test Results,Test Sonuçları,
Tests,Testler,
Text,Yazı,
Thanks and Regards,Teşekkürler ve Saygılar,
The course {0} is now available on {1}.,{0} kursuna artık {1} adresinden erişilebilir.,
The slot is already booked by another participant.,Bu slot başka bir katılımcı tarafından rezerve edilmiş.,
The status of your application has changed.,Başvurunuzun durumu değişti.,
"There are no batches matching the criteria. Keep an eye out, fresh learning experiences are on the way soon!","Şu anda mevcut toplu ders bulunmamaktadır. Gözünüzü dört açın, yeni öğrenme deneyimleri yakında yolda!",
There are no seats available in this batch.,Bu grupta boş yer bulunmamaktadır.,
There are no students in this batch.,Bu grupta hiç öğrenci bulunmamaktadır.,
There are no {0} on this site.,Bu sitede {0} yok.,
This course has:,Bu kursta:,
This course is free.,Bu kurs ücretsizdir.,
This lesson is not available for preview. Please enroll in the course to access it.,Bu ders önizleme için mevcut değil. Lütfen erişmek için kursa kaydolun.,
This lesson is not available for preview. Please join the course to access it.,Bu ders önizleme için mevcut değil. Lütfen erişmek için kursa katılın.,
This quiz consists of {0} questions.,Bu sınav {0} sorudan oluşmaktadır.,
Thursday,Perşembe,
Time,Zaman,
Time Preference,Zaman Tercihi,
Time must be in 24 hour format (HH:mm). Example 11:30 or 22:00,Saat 24 saat formatında (HH:mm) olmalıdır. Örnek 11:30 veya 22:00,
Timetable,Zaman Çizelgesi,
Timezone,Zaman Dilimi,
Title,Başlık,
To,Alıcı,
To Date,Bitiş Tarihi,
"To upload Image, Video, Audio or PDF from your system, click on the add icon and select upload from the menu. Then choose the file you want to add to the lesson and it gets added to your lesson.","Sisteminizden Resim, Video, Ses veya PDF yüklemek için ekle simgesine tıklayın ve menüden yüklemeyi seçin. Ardından derse eklemek istediğiniz dosyayı seçin ve dersinize eklensin.",
Toggle Full Width,Geniş Görünüm,
Toggle Theme,Temayı Değiştir,
"Too many users signed up recently, so the registration is disabled. Please try back in an hour","Son zamanlarda çok fazla kullanıcı kaydoldu, bu yüzden kayıt devre dışı bırakıldı. Lütfen bir saat sonra tekrar deneyin",
Total,Toplam,
Total Signups,Toplam Kayıt,
Trigger Primary Action,Kaydet,
Try Again,Tekrar Deneyin,
Tuesday,Salı,
Twitter,X,
Type,Türü,
Type your answer,Cevabınızı yazın,
"UK Grading  (e.g. 1st, 2:2)","Birleşik Krallık Derecelendirmesi (örn. 1, 2:2)",
URL,URL,
Under Review,İnceleniyor,
Unlisted,Listelenmemiş,
Upcoming,Yaklaşanlar,
Upcoming Batches,Yaklaşan Sınıflar,
Upcoming Evaluations,Yaklaşan Değerlendirmeler,
Update,Güncelle,
Update Password,Şifreyi Güncelle,
Upload,Yükle,
Upload File,Dosya Yükle,
Uploading {0}%,%{0} Yükleniyor,
User,Kullanıcı,
User Category,Kullanıcı Kategorisi,
User Field,Kullanıcı Alanı,
User Image,Kullanıcı Resmi,
User Input,Kullanıcı Girişi,
User Settings,Kullanıcı Ayarları,
User Skill,Kullanıcı Becerisi,
Username,Kullanıcı Adı,
Users Response,Kullanıcıların Yanıtı,
Valid email and name required,Geçerli e-posta ve ad gereklidir,
Value,Değer,
Value Change,Değer Değişimi,
Video Embed Link,Video Gömme Bağlantısı,
View,Göster,
View Certificate,Sertifikayı Görüntüle,
View Website,Websitesine Git,
Visibility,Görünürlülük,
Visit the following link to view your ,Görüntülemek için aşağıdaki bağlantıyı ziyaret edin ,
Volunteering or Internship,Staj,
We are pleased to inform you that you have been enrolled in our upcoming batch. Congratulations!,Yaklaşan grubumuza kaydolduğunuzu bildirmekten mutluluk duyuyoruz. Tebrikler!,
Web Page,Web Sayfası,
Wednesday,Çarşamba,
Welcome to {0}!,{0} Uygulamasına Hoş Geldiniz!,
What does include in preview mean?,Önizlemede dahil etmek ne anlama geliyor?,
"When a course gets submitted for review, it will be listed here.",Bir kurs incelenmek üzere gönderildiğinde burada listelenecektir.,
Where did you hear about us?,Bizi nereden duydunuz?,
"With this certification, you can now showcase your updated skills and share your achievement with your colleagues and on LinkedIn. To access your certificate, please click on the link provided below. Make sure you are logged in to the portal.",Bu sertifika ile artık güncellenmiş becerilerinizi sergileyebilir ve başarınızı iş arkadaşlarınızla ve LinkedIn'de paylaşabilirsiniz. Sertifikanıza erişmek için lütfen aşağıda verilen bağlantıya tıklayın. Portalda oturum açtığınızdan emin olun.,
Work Environment,Çalışma Ortamı,
Work Experience,İş Deneyimi,
Work Experience Details,İş Deneyimi,
Workspace Settings,Çalışma Alanı Ayarları,
Write a Review,Bir İnceleme Yazın,
Write a review,Bir inceleme yazın,
Write your answer here,Cevabınızı buraya yazın,
You are already enrolled for this batch.,Bu gruba zaten kayıtlısınız.,
You are already enrolled for this course.,Bu kursa zaten kayıtlısınız.,
You are not a member of this batch. Please checkout our upcoming batches.,Bu sınıfın üyesi değilsiniz. Lütfen yaklaşan sınıflara göz atın.,
You are not a mentor of the course {0},Kursun mentoru değilsiniz {0},
You are not enrolled,Kayıtlı değilsiniz,
You are not enrolled in this course. Please enroll to access this lesson.,Bu derse kayıtlı değilsiniz. Bu derse erişmek için lütfen kaydolun.,
You can also copy-paste following link in your browser,Aşağıdaki bağlantıyı tarayıcınıza kopyalayıp yapıştırabilirsiniz,
You can attempt this quiz only {0} {1},Bu testi sadece {0} {1} adresinden deneyebilirsiniz.,
You can attempt this quiz {0}.,Bu testi {0} deneyebilirsiniz.,
You cannot schedule evaluations after {0}.,{0} tarihinden sonra değerlendirme planlayamazsınız.,
You cannot schedule evaluations for past slots.,Geçmiş dönemler için değerlendirme planlayamazsınız.,
You do not have permission to access this page.,Bu sayfaya erişmek için izniniz yok.,
You don't have any notifications.,Herhangi bir bildiriminiz yok.,
You got,Puanın,
You got {0}% correct answers with a score of {1} out of {2},{0}% doğru cevap verdiniz ve {2} üzerinden {1} puan aldınız,
You have already applied for this job.,Bu iş için zaten başvurdunuz.,
You have already exceeded the maximum number of attempts allowed for this quiz.,Bu sınav için izin verilen maksimum deneme sayısını zaten aştınız.,
You have already reviewed this course,Bu kursa zaten yorum eklediniz,
You have been enrolled in this batch,Bu gruba kayıt oldunuz,
You have been enrolled in this course,Bu kursa zaten kayıtlısınız,
"You have not created any quizzes yet. To create a new quiz, click on the ""New Quiz"" button above.","Henüz hiçbir sınav oluşturmadınız. Yeni bir sınav oluşturmak için yukarıdaki ""Yeni Sınav"" düğmesine tıklayın.",
You have opted to be notified for this course. You will receive an email when the course becomes available.,Bu kurs için bildirim almayı seçtiniz. Kurs kullanılabilir olduğunda bir e-posta alacaksınız.,
You need to login first to enroll for this course,Bu kursa kaydolmak için önce giriş yapmanız gerekiyor,
You will have to get {0}% correct answers in order to pass the quiz.,Sınavı geçmek için %{0} doğru cevap almanız gerekecektir.,
You've applied to become a mentor for this course. Your request is currently under review.,Bu kurs için mentor olmak üzere başvuruda bulundunuz. Talebiniz şu anda inceleme aşamasındadır.,
You've successfully submitted the assignment.,Ödevi başarıyla teslim ettiniz.,
YouTube Video URL,YouTube Video URL,
YouTube Video will appear at the top of the lesson.,YouTube Videosu dersin en üstünde görünecektir.,
Your Account has been successfully created!,Hesabınız başarıyla oluşturuldu!,
Your calendar is set.,Takviminiz hazır.,
Your score is,Puanınız,
Zoom Settings,Zoom Ayarları,
activities,aktiviteler,
activity,aktivite,
cancel your application,başvurunuzu iptal edin,
certificate,sertifika,
certificates,sertifikalar,
completed,Tamamlandı,
correct answers,doğru cevap,
jane@example.com,eposta@ornek.com.tr,
member,üyeler,
members,üyeler,
of,/,
ratings,değerlendirme,
you can,yapabilirsin,
{0} Settings not found,{0} Ayarları bulunamadı,
{0} is already a Student of {1} course through {2} batch,{0} halihazırda {2} grubu aracılığıyla {1} kursu öğrencisidir,
{0} mentioned you in a comment,{0} bir yorumda sizden bahsetti,
